                                                                   ,AP_Top1_acid ,AP50_Top1_acid ,AP75_Top1_acid ,AP_Top2_acid ,AP50_Top2_acid ,AP75_Top2_acid ,AP_Top3_acid ,AP50_Top3_acid ,AP75_Top3_acid ,AP_Top5_acid ,AP50_Top5_acid ,AP75_Top5_acid ,AP_Top10_acid ,AP50_Top10_acid ,AP75_Top10_acid ,AP_Top100_acid ,AP50_Top100_acid ,AP75_Top100_acid ,AR_Top1_acid ,AR_Top2_acid ,AR_Top3_acid ,AR_Top5_acid ,AR_Top10_acid ,AR_Top100_acid ,FROC_acid ,FROC50_acid ,FROC75_acid ,iRecall_Top1_acid ,iRecall50_Top1_acid ,iRecall75_Top1_acid ,iRecall_Top2_acid ,iRecall50_Top2_acid ,iRecall75_Top2_acid ,iRecall_Top3_acid ,iRecall50_Top3_acid ,iRecall75_Top3_acid ,iRecall_Top5_acid ,iRecall50_Top5_acid ,iRecall75_Top5_acid ,iRecall_Top10_acid ,iRecall50_Top10_acid ,iRecall75_Top10_acid ,iRecall_Top100_acid ,iRecall50_Top100_acid ,iRecall75_Top100_acid ,AP_Top1_iodine ,AP50_Top1_iodine ,AP75_Top1_iodine ,AP_Top2_iodine ,AP50_Top2_iodine ,AP75_Top2_iodine ,AP_Top3_iodine ,AP50_Top3_iodine ,AP75_Top3_iodine ,AP_Top5_iodine ,AP50_Top5_iodine ,AP75_Top5_iodine ,AP_Top10_iodine ,AP50_Top10_iodine ,AP75_Top10_iodine ,AP_Top100_iodine ,AP50_Top100_iodine ,AP75_Top100_iodine ,AR_Top1_iodine ,AR_Top2_iodine ,AR_Top3_iodine ,AR_Top5_iodine ,AR_Top10_iodine ,AR_Top100_iodine ,FROC_iodine ,FROC50_iodine ,FROC75_iodine ,iRecall_Top1_iodine ,iRecall50_Top1_iodine ,iRecall75_Top1_iodine ,iRecall_Top2_iodine ,iRecall50_Top2_iodine ,iRecall75_Top2_iodine ,iRecall_Top3_iodine ,iRecall50_Top3_iodine ,iRecall75_Top3_iodine ,iRecall_Top5_iodine ,iRecall50_Top5_iodine ,iRecall75_Top5_iodine ,iRecall_Top10_iodine ,iRecall50_Top10_iodine ,iRecall75_Top10_iodine ,iRecall_Top100_iodine ,iRecall50_Top100_iodine ,iRecall75_Top100_iodine
cascade_rcnn_r50_fpn_2x_acid_hsil                                  ,12.3252      ,25.92404       ,10.87702       ,15.53714     ,33.43272       ,13.10316       ,16.85361     ,36.61266       ,13.98524       ,17.99232     ,39.27966       ,14.78144       ,18.53021      ,40.60026        ,15.06578        ,18.60037       ,40.7787          ,15.08811         ,21.3571      ,29.69665     ,34.03938     ,39.10591     ,42.66631      ,45.73177       ,27.61271  ,50.85532    ,26.19935    ,30.15026          ,52.44177            ,30.57851            ,38.00902          ,65.51465            ,38.24192            ,42.29151          ,72.95267            ,41.92337            ,46.86702          ,80.24042            ,46.80691            ,49.81217           ,86.4012              ,49.36138             ,52.14876            ,90.30804              ,51.69046              ,               ,                 ,                 ,               ,                 ,                 ,               ,                 ,                 ,               ,                 ,                 ,                ,                  ,                  ,                 ,                   ,                   ,               ,               ,               ,               ,                ,                 ,            ,              ,              ,                    ,                      ,                      ,                    ,                      ,                      ,                    ,                      ,                      ,                    ,                      ,                      ,                     ,                       ,                       ,                      ,                        ,
cascade_rcnn_r50_fpn_2x_lr0.001_acid_hsil                          ,13.91028     ,29.21008       ,12.32768       ,17.29883     ,37.02382       ,14.67494       ,18.37893     ,39.86453       ,15.49296       ,19.34473     ,42.06214       ,16.10436       ,19.6436       ,42.77101        ,16.25822        ,19.68812       ,42.80523         ,16.28612         ,22.66099     ,30.37254     ,34.23097     ,38.35551     ,41.06972      ,42.40021       ,28.06508  ,52.4063     ,26.71634    ,31.99098          ,56.64914            ,31.85575            ,38.89557          ,68.59504            ,38.99324            ,42.30654          ,74.4553             ,42.22389            ,45.98047          ,81.29226            ,45.75507            ,48.18182           ,87.45304             ,47.93388             ,48.90308            ,88.58002              ,48.4598               ,               ,                 ,                 ,               ,                 ,                 ,               ,                 ,                 ,               ,                 ,                 ,                ,                  ,                  ,                 ,                   ,                   ,               ,               ,               ,               ,                ,                 ,            ,              ,              ,                    ,                      ,                      ,                    ,                      ,                      ,                    ,                      ,                      ,                    ,                      ,                      ,                     ,                       ,                       ,                      ,                        ,
dual_faster_rcnn_r50_fpn_droi_2x_acid_hsil                         ,13.6968      ,30.57573       ,11.1809        ,16.70626     ,38.17963       ,13.16969       ,17.69951     ,40.97466       ,13.79105       ,18.71836     ,42.84894       ,14.38626       ,19.06886      ,43.58893        ,14.51651        ,19.13867       ,43.63093         ,14.54362         ,22.09154     ,29.50506     ,32.73018     ,36.76424     ,40.09047      ,41.96381       ,27.17707  ,52.84726    ,24.76241    ,31.18708          ,58.15177            ,30.42825            ,37.69346          ,69.42149            ,36.88956            ,40.84147          ,74.53043            ,40.12021            ,44.26747          ,81.06687            ,44.02705            ,46.99474           ,87.90383             ,45.60481             ,48.23441            ,90.23291              ,45.90533              ,12.04594       ,26.36772         ,10.67263         ,15.1707        ,32.98414         ,13.11181         ,16.35649       ,35.5637          ,13.82844         ,17.36737       ,37.96735         ,14.2945          ,17.9369         ,39.47857          ,14.49091          ,18.07144         ,40.02211           ,14.56159           ,20.19221       ,28.62338       ,32.6026        ,37.16883       ,41.72987        ,44.48312         ,26.20186    ,49.5436       ,24.69017      ,29.20361            ,52.81743              ,29.6018               ,37.85124            ,67.5432               ,38.16679              ,41.72051            ,74.68069              ,41.7731               ,45.86777            ,81.66792              ,45.52968              ,48.94816             ,88.95567               ,47.93388               ,50.9166               ,92.26146                ,50.1127
dual_faster_rcnn_r50_fpn_droi_2x_iodine_hsil                       ,12.92255     ,28.99429       ,10.7449        ,16.06265     ,37.26839       ,12.84551       ,17.02867     ,40.00723       ,13.40242       ,17.95428     ,42.21954       ,13.80303       ,18.38258      ,43.26779        ,14.01646        ,18.41694       ,43.38568         ,14.0226          ,20.8728      ,28.35019     ,31.96913     ,36.12028     ,40.14902      ,41.66046       ,26.09671  ,52.43671    ,23.91089    ,29.46657          ,55.44703            ,29.07588            ,36.21337          ,68.36965            ,35.76258            ,39.63937          ,74.75582            ,38.69271            ,43.3734           ,81.36739            ,42.14876            ,46.40872           ,87.90383             ,44.70323             ,47.62585            ,91.51014              ,44.85349              ,13.07976       ,28.16917         ,11.32208         ,16.10479       ,35.31184         ,13.75218         ,17.3609        ,38.58025         ,14.33104         ,18.58949       ,41.07525         ,15.07141         ,19.28635        ,42.65721          ,15.40568          ,19.48869         ,42.90085           ,15.48606           ,20.88831       ,29.07013       ,33.34545       ,38.4987        ,43.69351        ,46.37922         ,27.13692    ,51.11688      ,25.73655      ,30.21037            ,54.1698               ,30.95417              ,38.32457            ,68.59504              ,38.69271              ,42.76484            ,75.95793              ,42.59955              ,47.02479            ,83.47107              ,47.18257              ,50.80391             ,90.60856               ,50.63862               ,52.47934              ,94.29001                ,51.91585
dual_faster_rcnn_r50_fpn_droi_fpnalignfusecat_2x_acid_hsil         ,13.37448     ,29.68834       ,10.71348       ,16.69234     ,37.59341       ,13.03596       ,17.72361     ,40.30782       ,13.55218       ,18.51841     ,42.73662       ,13.93936       ,18.86979      ,43.5903         ,14.13365        ,18.90291       ,43.98569         ,14.13884         ,21.38371     ,29.18042     ,32.77275     ,36.92922     ,41.09101      ,42.4694        ,26.63043  ,52.97651    ,24.71679    ,30.18783          ,56.49887            ,29.6018             ,37.38542          ,68.9707             ,37.9414             ,40.57851          ,75.73253            ,40.94666            ,44.47032          ,81.96844            ,44.4027             ,47.88881           ,88.35462             ,47.18257             ,48.7453             ,90.60856              ,47.85875              ,12.00199       ,24.71577         ,10.69473         ,14.77828       ,31.27704         ,12.66464         ,15.92778       ,34.43421         ,13.27577         ,17.05655       ,37.31472         ,14.00088         ,17.68218        ,38.91701          ,14.233            ,17.80386         ,39.32013           ,14.2988            ,20.56104       ,28.37922       ,32.57143       ,37.72468       ,42.81039        ,45.14286         ,26.0        ,48.67532      ,24.39332      ,29.73704            ,52.06612              ,30.27799              ,37.18257            ,66.3411               ,37.64087              ,41.65289            ,74.4553               ,41.39745              ,46.03306            ,82.64463              ,45.52968              ,50.18783             ,89.18107               ,49.28625               ,51.89331              ,92.03606                ,50.56349
dual_faster_rcnn_r50_fpn_droi_fpnalignfusecat_2x_iodine_hsil       ,11.81921     ,27.34837       ,9.23323        ,14.71562     ,34.71208       ,11.21093       ,15.75195     ,37.55841       ,11.83268       ,16.72686     ,40.30916       ,12.14233       ,17.26438      ,41.57226        ,12.36625        ,17.38644       ,41.91931         ,12.39608         ,19.98403     ,27.24854     ,30.80894     ,35.25812     ,39.37733      ,41.0165        ,25.02699  ,51.42553    ,22.43595    ,28.21187          ,54.1698             ,27.1976             ,35.17656          ,67.16754            ,34.18482            ,38.25695          ,74.2299             ,37.26521            ,42.26146          ,81.142              ,40.19534            ,45.79264           ,86.25094             ,43.57626             ,47.18257            ,90.98422              ,44.4027               ,13.00067       ,28.00073         ,11.71839         ,16.22366       ,35.0453          ,13.67691         ,17.28054       ,37.79051         ,14.48515         ,18.37488       ,40.72825         ,15.2468          ,19.112          ,42.56192          ,15.62007          ,19.27269         ,43.01218           ,15.66502           ,20.89351       ,29.17403       ,33.08052       ,38.12468       ,43.62597        ,45.39221         ,27.06939    ,51.11688      ,25.94434      ,30.21788            ,54.62059              ,30.95417              ,38.72276            ,67.91886              ,39.44403              ,42.24643            ,74.75582              ,42.67468              ,46.66416            ,82.41923              ,47.33283              ,50.94666             ,89.10594               ,51.46506               ,52.00601              ,93.16304                ,52.29151
dual_faster_rcnn_r50_fpn_droi_fpnalignfusecat_noatt_2x_acid_hsil   ,13.43001     ,29.91639       ,11.11234       ,16.6493      ,37.61364       ,13.54109       ,17.60359     ,40.5068        ,14.02211       ,18.60755     ,43.04558       ,14.415         ,19.11115      ,44.28082        ,14.59437        ,19.25416       ,44.62934         ,14.59889         ,21.08036     ,29.08994     ,32.50665     ,36.72166     ,41.05907      ,43.76264       ,26.55592  ,52.90808    ,24.26823    ,29.75958          ,56.27348            ,29.30128            ,36.96469          ,68.51991            ,36.96469            ,40.14275          ,74.53043            ,39.59429            ,43.89181          ,81.59279            ,42.07363            ,47.85875           ,90.00751             ,44.70323             ,50.00751            ,92.63711              ,46.65665              ,12.2397        ,26.57347         ,10.7655          ,15.10004       ,32.85032         ,12.89643         ,16.30023       ,35.48464         ,13.63357         ,17.43706       ,38.24927         ,14.26415         ,18.10171        ,39.94435          ,14.53251          ,18.29303         ,40.55141           ,14.5967            ,20.43117       ,28.21299       ,32.6026        ,37.83896       ,42.68052        ,45.04935         ,26.16178    ,49.2987       ,25.03154      ,29.54921            ,53.04282              ,29.97746              ,37.73854            ,67.46807              ,37.9414               ,41.72802            ,74.4553               ,41.84823              ,46.31856            ,82.71976              ,45.98047              ,49.86476             ,89.33133               ,49.36138               ,51.56273              ,93.01277                ,50.93914
dual_faster_rcnn_r50_fpn_droi_fpnalignfusecat_noatt_2x_iodine_hsil ,6.25318      ,18.57324       ,2.53876        ,7.39791      ,22.23897       ,2.82245        ,7.96747      ,24.07627       ,2.97587        ,8.41536      ,25.48285       ,3.02152        ,8.79585       ,26.62474        ,3.09831         ,8.8663         ,26.85538         ,3.10682          ,12.28313     ,17.13145     ,20.0958      ,23.17722     ,26.8281       ,27.88717       ,15.41245  ,37.88489    ,9.9521      ,17.34035          ,41.09692            ,12.39669            ,23.15552          ,54.24493            ,16.37866            ,26.3411           ,61.23216            ,18.70774            ,29.34636          ,67.84373            ,20.21037            ,32.75733           ,74.90609             ,22.53944             ,33.55372            ,76.33358              ,22.83997              ,7.83476        ,19.1718          ,5.78942          ,9.25419        ,23.10687         ,6.44444          ,9.87221        ,24.88617         ,6.65425          ,10.56206       ,26.87176         ,6.9697           ,11.15999        ,28.46287          ,7.16378           ,11.10049         ,28.23929           ,7.12173            ,14.41558       ,19.19481       ,22.29091       ,27.47532       ,33.31429        ,35.31429         ,17.97996    ,38.05566      ,15.30241      ,20.84899            ,42.37415              ,19.15853              ,25.96544            ,53.26822              ,23.36589              ,29.21112            ,60.25545              ,25.39444              ,35.07889            ,71.90083              ,30.65364              ,40.36814             ,81.21713               ,34.93614               ,42.06612              ,83.7716                 ,36.06311
dual_faster_rcnn_r50_fpn_droi_fpnfusecat_2x_acid_hsil              ,12.93999     ,30.03136       ,10.70983       ,16.317       ,38.03165       ,13.03265       ,17.31041     ,40.62631       ,13.69631       ,18.12322     ,42.8971        ,14.02092       ,18.51248      ,44.39445        ,14.20855        ,18.62485       ,44.79942         ,14.23674         ,20.93667     ,28.66418     ,31.83076     ,35.57743     ,39.89888      ,41.94784       ,26.17122  ,52.74842    ,23.96411    ,29.55672          ,56.19835            ,28.47483            ,36.65665          ,68.82044            ,36.21337            ,39.43651          ,75.13148            ,38.91811            ,42.66717          ,81.51766            ,41.47258            ,46.56649           ,88.12923             ,44.77836             ,47.62585            ,92.56198              ,45.45455              ,12.29348       ,26.03339         ,10.79984         ,14.87488       ,32.90724         ,12.76062         ,16.09338       ,35.88823         ,13.62313         ,17.2184        ,38.60969         ,14.0991          ,17.86213        ,40.09442          ,14.37994          ,18.09376         ,40.66279           ,14.4278            ,20.22857       ,27.8961        ,32.49351       ,37.25714       ,41.71948        ,44.4987          ,26.04675    ,49.41002      ,25.03896      ,29.2562             ,52.96769              ,30.12772              ,37.03982            ,67.39294              ,37.34035              ,41.32231            ,75.20661              ,42.07363              ,45.66491            ,82.87002              ,45.37941              ,48.88054             ,89.63186               ,48.15928               ,50.89406              ,93.91435                ,49.43651
dual_faster_rcnn_r50_fpn_droi_fpnfusecat_2x_iodine_hsil            ,13.00226     ,28.91068       ,10.10118       ,16.08521     ,36.40738       ,11.94287       ,17.10996     ,39.16666       ,12.44876       ,17.97593     ,41.57152       ,12.8375        ,18.43138      ,42.75446        ,13.00696        ,18.51337       ,42.93621         ,13.0357          ,20.91538     ,28.46195     ,31.84673     ,35.66259     ,39.23363      ,40.91538       ,26.18262  ,52.20862    ,22.87691    ,29.52667          ,55.89782            ,28.09917            ,36.43125          ,67.7686             ,34.63561            ,39.56424          ,74.4553             ,37.41548            ,42.9151           ,81.81818            ,40.42074            ,45.80015           ,87.15252             ,42.44929             ,46.7994             ,89.93238              ,42.97521              ,13.03686       ,27.0235          ,11.79051         ,15.97499       ,33.65844         ,13.94978         ,16.97979       ,37.07696         ,14.63075         ,18.14864       ,40.23583         ,15.44451         ,18.72199        ,42.4089           ,15.69288          ,18.93064         ,42.67557           ,15.72566           ,21.36104       ,29.07532       ,32.54545       ,37.94286       ,43.13247        ,45.17403         ,26.93581    ,51.2282       ,25.95918      ,30.89406            ,53.56875              ,32.15627              ,38.36213            ,67.46807              ,39.3689               ,41.78062            ,74.98122              ,42.37415              ,46.38618            ,82.71976              ,46.58152              ,50.30804             ,89.85725               ,49.51165               ,51.79564              ,91.20962                ,51.46506
dual_faster_rcnn_r50_fpn_droi_fpnfusecat_noatt_2x_acid_hsil        ,13.50734     ,31.00654       ,11.4538        ,16.65951     ,38.88342       ,13.68353       ,17.63344     ,41.38887       ,14.21971       ,18.60342     ,43.69473       ,14.77287       ,19.23393      ,45.19156        ,14.98296        ,19.43145       ,45.71906         ,14.97941         ,21.48483     ,29.0314      ,32.11815     ,36.46621     ,40.93135      ,43.07078       ,26.73687  ,53.56953    ,24.97529    ,30.33058          ,56.72427            ,30.27799            ,36.86702          ,69.72201            ,36.66416            ,40.19534          ,75.28174            ,39.21863            ,43.86176          ,81.59279            ,42.59955            ,47.58828           ,87.52817             ,45.52968             ,49.21112            ,90.6837               ,46.50639              ,12.45996       ,25.90793         ,11.33597         ,15.09752       ,32.31651         ,13.08662         ,16.24866       ,35.09411         ,13.76679         ,17.34471       ,37.92164         ,14.41655         ,17.99726        ,39.72867          ,14.68016          ,18.08149         ,40.19007           ,14.71655           ,20.52987       ,27.79221       ,31.87013       ,36.97662       ,41.51688        ,44.55065         ,25.92059    ,49.2987       ,24.71985      ,29.69196            ,53.26822              ,30.35312              ,36.75432            ,66.56649              ,37.11495              ,40.71375            ,73.70398              ,40.72126              ,45.45455            ,82.11871              ,45.45455              ,49.11345             ,89.2562                ,48.38467               ,50.59354              ,93.01277                ,48.91059
dual_faster_rcnn_r50_fpn_droi_fpnfusecat_noatt_2x_iodine_hsil      ,12.65941     ,29.53495       ,9.49286        ,15.35294     ,36.60766       ,11.19681       ,16.4933      ,39.49783       ,11.6313        ,17.38884     ,41.9233        ,12.06563       ,17.89178      ,43.4613         ,12.24876        ,17.97889       ,43.81964         ,12.29986         ,20.95796     ,27.86056     ,31.56998     ,35.51889     ,39.16977      ,40.76104       ,25.79107  ,52.43671    ,22.20786    ,29.58678          ,56.64914            ,28.09917            ,35.92787          ,68.29452            ,34.48535            ,39.30879          ,75.20661            ,37.19008            ,42.66717          ,81.06687            ,40.3456             ,45.86777           ,87.30278             ,43.12547             ,47.12246            ,89.40646              ,44.02705              ,13.10084       ,27.70057         ,12.44754         ,16.30877       ,34.75614         ,14.67794         ,17.42179       ,37.32949         ,15.40214         ,18.39558       ,40.07988         ,16.05479         ,19.0162         ,41.61             ,16.26309          ,19.20925         ,42.04345           ,16.25482           ,21.01299       ,28.94026       ,33.02857       ,37.96883       ,42.53506        ,44.54026         ,26.74954    ,50.49351      ,26.32282      ,30.39068            ,53.79414              ,31.85575              ,38.64763            ,68.82044              ,40.3456               ,42.32156            ,75.43201              ,43.57626              ,46.83696            ,83.02029              ,48.00902              ,50.02254             ,89.40646               ,49.96243               ,51.10443              ,91.51014                ,50.56349
dual_faster_rcnn_r50_fpn_droi_noatt_2x_acid_hsil                   ,13.67042     ,30.22885       ,10.61305       ,16.66794     ,37.83507       ,12.59889       ,17.86927     ,41.18412       ,13.16499       ,18.67116     ,43.20946       ,13.57858       ,19.05216      ,44.19636        ,13.70733        ,19.08891       ,44.23596         ,13.73412         ,21.24002     ,28.60564     ,32.27249     ,36.09899     ,40.85152      ,42.74614       ,26.38714  ,52.58876    ,23.26465    ,29.98497          ,56.64914            ,28.09917            ,36.47633          ,68.7453             ,34.93614            ,39.89482          ,75.28174            ,38.24192            ,43.52367          ,82.64463            ,41.7731             ,47.34786           ,88.95567             ,45.75507             ,48.67769            ,90.90909              ,46.65665              ,12.10931       ,25.85146         ,11.43949         ,15.24738       ,32.93577         ,13.8496          ,16.46236       ,35.84492         ,14.66459         ,17.58174       ,38.28869         ,15.36782         ,18.24448        ,39.9879           ,15.6311           ,18.43094         ,40.39261           ,15.70797           ,20.37403       ,28.4           ,32.66494       ,37.84935       ,42.41558        ,44.65455         ,26.48089    ,49.66976      ,25.6475       ,29.46657            ,52.7423               ,31.10443              ,37.62585            ,67.24267              ,38.54245              ,41.93839            ,74.68069              ,42.37415              ,46.65665            ,82.49437              ,47.2577               ,50.07513             ,88.65515               ,49.8873                ,51.50263              ,91.35988                ,51.5402
dual_faster_rcnn_r50_fpn_droi_noatt_2x_iodine_hsil                 ,12.5812      ,28.28058       ,10.32078       ,15.74599     ,36.4247        ,12.61037       ,16.96589     ,39.15691       ,13.15495       ,17.86572     ,41.72574       ,13.48828       ,18.32622      ,42.78912        ,13.69274        ,18.38013       ,42.94644         ,13.70674         ,20.77169     ,28.19585     ,32.20862     ,36.14689     ,39.27621      ,40.98457       ,26.21303  ,52.27705    ,23.78165    ,29.32382          ,55.3719             ,28.47483            ,36.07062          ,67.7686             ,35.68745            ,39.90984          ,74.4553             ,38.61758            ,43.20811          ,80.54095            ,41.62284            ,45.89782           ,87.00225             ,44.32757             ,46.88204            ,91.43501              ,44.55297              ,12.9831        ,26.6753          ,12.2277          ,16.02115       ,33.81742         ,14.32278         ,17.38681       ,37.07364         ,15.24981         ,18.54011       ,39.95355         ,15.89327         ,19.12209        ,41.29686          ,16.11758          ,19.13169         ,41.63087           ,16.11059           ,20.84675       ,28.46753       ,32.91429       ,38.40519       ,42.82597        ,44.67013         ,26.99518    ,50.38961      ,26.04824      ,30.15026            ,53.11796              ,31.48009              ,37.76108            ,67.24267              ,38.46732              ,41.9985             ,74.75582              ,42.44929              ,46.77686            ,82.64463              ,46.88204              ,50.1127              ,88.58002               ,49.51165               ,51.24718              ,92.03606                ,50.41322
dual_faster_rcnn_r50_fpn_droi_noatt_nooffset_2x_acid_hsil          ,13.10046     ,28.98232       ,10.37936       ,16.71608     ,37.57643       ,12.6678        ,17.79169     ,40.3224        ,13.19529       ,18.6191      ,42.58975       ,13.82359       ,19.0258       ,43.65059        ,14.08753        ,19.05376       ,43.70376         ,14.1265          ,21.17616     ,29.31346     ,32.66631     ,36.46621     ,40.36189      ,42.50133       ,26.89805  ,52.77883    ,24.64837    ,29.89482          ,55.52216            ,29.07588            ,37.5432           ,69.04583            ,36.58903            ,40.58603          ,74.98122            ,39.51916            ,43.87678          ,81.74305            ,43.65139            ,46.90458           ,88.35462             ,46.0556              ,48.61758            ,90.60856              ,46.28099              ,12.8351        ,26.92097         ,11.86228         ,15.92724       ,33.82727         ,14.21802         ,16.98043       ,36.8669          ,14.84569         ,18.0086        ,39.73907         ,15.46578         ,18.69373        ,41.28616          ,15.75579          ,18.81712         ,41.92745           ,15.78893           ,20.9974        ,28.37922       ,32.42597       ,37.36623       ,42.68571        ,47.0961          ,26.39777    ,50.15213      ,25.61039      ,30.36814            ,53.56875              ,31.85575              ,37.74606            ,67.01728              ,39.1435               ,41.63787            ,74.98122              ,42.22389              ,46.00301            ,83.84673              ,46.13073              ,50.25545             ,89.93238               ,49.96243               ,53.05034              ,93.98948                ,51.23967
dual_faster_rcnn_r50_fpn_droi_noatt_nooffset_2x_iodine_hsil        ,13.18892     ,29.47057       ,10.4135        ,16.44975     ,37.34694       ,12.59852       ,17.44939     ,40.07752       ,13.20248       ,18.32291     ,42.27794       ,13.60369       ,18.80235      ,43.5306         ,13.75739        ,18.86994       ,43.65229         ,13.77604         ,21.6232      ,29.19638     ,32.55987     ,36.4396      ,39.65939      ,41.41032       ,26.74751  ,52.74842    ,24.03254    ,30.52592          ,56.49887            ,29.30128            ,37.24267          ,68.82044            ,36.36364            ,40.55597          ,74.75582            ,39.44403            ,43.65139          ,81.21713            ,41.9985             ,46.24343           ,87.67844             ,43.72652             ,47.46807            ,90.15778              ,44.47784              ,12.16785       ,25.50848         ,10.9011          ,14.99019       ,31.92319         ,13.24229         ,16.20862       ,34.99619         ,14.09523         ,17.36867       ,37.94375         ,14.69019         ,18.15653        ,39.64786          ,14.97258          ,18.3038          ,39.94349           ,15.04582           ,20.42078       ,28.34286       ,33.05455       ,38.11429       ,43.05974        ,45.34026         ,26.2308     ,49.4026       ,25.39518      ,29.53418            ,52.44177              ,30.35312              ,37.63336            ,67.09241              ,37.716                ,41.93088            ,74.07964              ,43.05034              ,46.85199            ,82.41923              ,48.30954              ,50.56349             ,89.18107               ,51.61533               ,52.18633              ,92.03606                ,51.84072
dual_faster_rcnn_r50_fpn_droi_nooffset_2x_acid_hsil                ,13.2526      ,29.30436       ,10.75055       ,16.6933      ,37.16881       ,12.98418       ,17.7577      ,39.78098       ,13.58005       ,18.65416     ,42.35219       ,13.956         ,18.92308      ,43.78837        ,14.10059        ,18.94171       ,44.27314         ,14.09683         ,21.53805     ,29.35072     ,32.90048     ,36.69505     ,41.5487       ,44.39063       ,26.78172  ,52.93089    ,24.10857    ,30.40571          ,55.74756            ,29.52667            ,37.62585          ,69.27122            ,35.83772            ,40.75131          ,75.05635            ,38.91811            ,44.07213          ,82.04358            ,42.29902            ,48.50488           ,89.70699             ,45.8302              ,50.64613            ,92.78738              ,47.78362              ,12.25856       ,25.59617         ,11.03971         ,15.43959       ,32.44587         ,13.51734         ,16.70326       ,35.55675         ,14.2566          ,17.77783       ,38.41189         ,14.88711         ,18.36694        ,40.10506          ,15.1989           ,18.4931          ,40.59495           ,15.23622           ,20.68052       ,28.73247       ,32.94545       ,37.87532       ,42.37922        ,45.09091         ,26.69017    ,49.61781      ,25.64007      ,29.90984            ,52.5169               ,30.95417              ,38.36213            ,66.86702              ,39.89482              ,42.18633            ,74.30503              ,43.35086              ,46.5139             ,82.87002              ,47.2577               ,50.12772             ,89.48159               ,50.48835               ,51.39745              ,92.56198                ,50.86401
dual_faster_rcnn_r50_fpn_droi_nooffset_2x_iodone_hsil              ,12.97426     ,30.40165       ,9.81491        ,15.92595     ,37.5507        ,11.78115       ,16.82229     ,40.12208       ,12.29078       ,17.77038     ,42.64121       ,12.64503       ,18.23323      ,43.87275        ,12.81853        ,18.28567       ,44.048           ,12.84122         ,21.16019     ,28.4513      ,31.75625     ,35.77435     ,39.10591      ,42.37892       ,26.09899  ,52.9613     ,22.82369    ,29.87228          ,57.47558            ,28.3997             ,36.09316          ,68.21938            ,34.18482            ,39.12096          ,74.15477            ,37.03982            ,42.94515          ,80.76634            ,40.19534            ,45.66491           ,87.22765             ,42.67468             ,48.44478            ,92.11119              ,44.10218              ,12.54204       ,25.84102         ,11.63199         ,15.58175       ,32.95307         ,13.606           ,16.93699       ,36.2238          ,14.58067         ,18.23501       ,38.91852         ,15.46594         ,18.76572        ,40.46935          ,15.66839          ,18.90804         ,40.79321           ,15.70291           ,20.80519       ,28.71688       ,32.92987       ,38.59221       ,42.61299        ,45.04416         ,26.55807    ,49.81818      ,25.35065      ,30.09016            ,52.66717              ,30.42825              ,37.90383            ,67.31781              ,38.76784              ,41.84072            ,75.50714              ,42.74981              ,47.13749            ,83.24568              ,47.2577               ,50.12021             ,89.2562                ,50.03757               ,51.00676              ,92.41172                ,50.78888
faster_rcnn_r50_fpn_2x_acid_hsil                                   ,12.10737     ,25.75552       ,10.64554       ,15.54282     ,33.98717       ,13.21641       ,16.80443     ,37.16303       ,13.88626       ,17.79382     ,39.62598       ,14.46103       ,18.32223      ,40.88653        ,14.73561        ,18.45974       ,41.24668         ,14.79037         ,21.24002     ,29.62214     ,33.73071     ,38.29697     ,42.12879      ,43.84247       ,27.33597  ,51.72204    ,25.88763    ,29.98497          ,52.7423             ,30.80391            ,37.62585          ,66.79189            ,38.01653            ,41.66792          ,74.4553             ,41.32231            ,45.75507          ,81.29226            ,45.15402            ,49.23366           ,87.45304             ,48.08415             ,50.14275            ,91.8858               ,48.91059              ,               ,                 ,                 ,               ,                 ,                 ,               ,                 ,                 ,               ,                 ,                 ,                ,                  ,                  ,                 ,                   ,                   ,               ,               ,               ,               ,                ,                 ,            ,              ,              ,                    ,                      ,                      ,                    ,                      ,                      ,                    ,                      ,                      ,                    ,                      ,                      ,                     ,                       ,                       ,                      ,                        ,
faster_rcnn_r50_fpn_2x_lr0.001_acid_hsil                           ,12.79913     ,28.49912       ,10.55685       ,16.52303     ,37.61988       ,12.8495        ,17.52875     ,40.25546       ,13.36467       ,18.50663     ,42.7494        ,13.82364       ,18.90436      ,43.74727        ,13.95836        ,18.93914       ,43.85264         ,13.96459         ,21.21341     ,29.33475     ,32.91112     ,36.67908     ,39.81905      ,41.77754       ,26.83114  ,52.87007    ,24.1846     ,29.94741          ,55.3719             ,29.37641            ,37.49812          ,68.82044            ,36.66416            ,40.66867          ,74.38017            ,39.81968            ,44.17731          ,80.9166             ,42.90008            ,46.64914           ,87.22765             ,44.77836             ,47.74606            ,91.58527              ,45.60481              ,               ,                 ,                 ,               ,                 ,                 ,               ,                 ,                 ,               ,                 ,                 ,                ,                  ,                  ,                 ,                   ,                   ,               ,               ,               ,               ,                ,                 ,            ,              ,              ,                    ,                      ,                      ,                    ,                      ,                      ,                    ,                      ,                      ,                    ,                      ,                      ,                     ,                       ,                       ,                      ,                        ,
reppoints_moment_r50_fpn_2x_acid_hsil                              ,13.60304     ,30.56346       ,10.8472        ,16.78678     ,38.31629       ,13.40958       ,17.80962     ,40.99132       ,14.03025       ,18.93086     ,43.61606       ,14.69632       ,19.53948      ,45.32193        ,14.99166        ,19.85718       ,46.12601         ,15.09713         ,21.719       ,29.94146     ,33.63491     ,38.50985     ,43.02821      ,49.6115        ,27.66365  ,53.60754    ,25.63674    ,30.66116          ,56.7994             ,30.27799            ,38.76033          ,70.3982             ,38.54245            ,41.95342          ,76.03306            ,41.62284            ,46.24343          ,83.62134            ,45.00376            ,49.84974           ,89.63186             ,49.06086             ,55.33434            ,97.67092              ,53.71901              ,               ,                 ,                 ,               ,                 ,                 ,               ,                 ,                 ,               ,                 ,                 ,                ,                  ,                  ,                 ,                   ,                   ,               ,               ,               ,               ,                ,                 ,            ,              ,              ,                    ,                      ,                      ,                    ,                      ,                      ,                    ,                      ,                      ,                    ,                      ,                      ,                     ,                       ,                       ,                      ,                        ,
retinanet_r50_fpn_2x_acid_hsil                                     ,12.66529     ,29.0758        ,10.45524       ,15.93302     ,36.29381       ,12.68919       ,16.93312     ,38.67394       ,13.24827       ,17.89385     ,41.06392       ,13.68936       ,18.58237      ,42.64865        ,13.98288        ,18.8385        ,43.20205         ,14.07188         ,21.22406     ,29.16977     ,32.75146     ,37.21128     ,42.21394      ,50.7983        ,26.80985  ,52.08698    ,24.32905    ,29.96243          ,56.04808            ,29.00075            ,37.81367          ,69.49662            ,36.66416            ,41.142            ,75.43201            ,39.59429            ,45.22164          ,82.19384            ,43.72652            ,49.37641           ,88.65515             ,47.85875             ,55.78512            ,98.64763              ,52.81743              ,               ,                 ,                 ,               ,                 ,                 ,               ,                 ,                 ,               ,                 ,                 ,                ,                  ,                  ,                 ,                   ,                   ,               ,               ,               ,               ,                ,                 ,            ,              ,              ,                    ,                      ,                      ,                    ,                      ,                      ,                    ,                      ,                      ,                    ,                      ,                      ,                     ,                       ,                       ,                      ,                        ,
cascade_rcnn_r50_fpn_2x_iodine_hsil                                ,             ,               ,               ,             ,               ,               ,             ,               ,               ,             ,               ,               ,              ,                ,                ,               ,                 ,                 ,             ,             ,             ,             ,              ,               ,          ,            ,            ,                  ,                    ,                    ,                  ,                    ,                    ,                  ,                    ,                    ,                  ,                    ,                    ,                   ,                     ,                     ,                    ,                      ,                      ,13.6838        ,24.32267         ,13.8268          ,17.01033       ,31.36159         ,16.51819         ,18.36224       ,34.31237         ,17.67661         ,19.77421       ,37.13843         ,18.84822         ,20.53299        ,38.7227           ,19.44795          ,20.67709         ,39.03591           ,19.5327            ,22.01558       ,30.81039       ,35.77662       ,42.05195       ,46.9039         ,49.41299         ,29.46865    ,48.77922      ,29.95918      ,31.84072            ,50.86401              ,33.58377              ,41.08189            ,66.19083              ,42.07363              ,45.92787            ,73.47859              ,47.03231              ,51.35237            ,81.44252              ,53.41848              ,55.32682             ,88.20436               ,57.77611               ,56.06311              ,92.18633                ,58.60255
cascade_rcnn_r50_fpn_2x_lr0.001_iodine_hsil                        ,             ,               ,               ,             ,               ,               ,             ,               ,               ,             ,               ,               ,              ,                ,                ,               ,                 ,                 ,             ,             ,             ,             ,              ,               ,          ,            ,            ,                  ,                    ,                    ,                  ,                    ,                    ,                  ,                    ,                    ,                  ,                    ,                    ,                   ,                     ,                     ,                    ,                      ,                      ,13.20146       ,25.54961         ,13.2977          ,16.79933       ,33.15221         ,15.56932         ,17.85825       ,35.62876         ,16.3222          ,19.0283        ,38.31325         ,17.13209         ,19.74229        ,40.04103          ,17.60019          ,19.9205          ,40.43621           ,17.70185           ,21.70909       ,30.17662       ,34.35325       ,39.84935       ,44.57143        ,46.25455         ,28.02672    ,49.35065      ,27.66605      ,31.39745            ,52.21638              ,33.20811              ,39.81217            ,67.01728              ,41.32231              ,43.77911            ,73.77911              ,45.45455              ,48.77536            ,82.41923              ,50.41322              ,52.21638             ,87.8287                ,54.01953               ,53.46356              ,89.93238                ,55.07137
faster_rcnn_r50_fpn_2x_iodine_hsil                                 ,             ,               ,               ,             ,               ,               ,             ,               ,               ,             ,               ,               ,              ,                ,                ,               ,                 ,                 ,             ,             ,             ,             ,              ,               ,          ,            ,            ,                  ,                    ,                    ,                  ,                    ,                    ,                  ,                    ,                    ,                  ,                    ,                    ,                   ,                     ,                     ,                    ,                      ,                      ,12.56435       ,23.67594         ,12.03584         ,15.41541       ,30.42146         ,14.28555         ,16.82109       ,33.62775         ,15.40825         ,18.13095       ,36.52912         ,16.29362         ,18.94889        ,38.36908          ,16.81315          ,19.08151         ,38.62879           ,16.85774           ,20.99221       ,28.85714       ,33.84935       ,39.8961        ,45.15325        ,47.47013         ,27.80111    ,48.61596      ,27.76994      ,30.36063            ,49.96243              ,31.85575              ,38.26446            ,64.9136               ,39.51916              ,43.33584            ,73.25319              ,44.6281               ,48.96319            ,81.66792              ,50.56349              ,53.2006              ,88.95567               ,55.14651               ,54.30503              ,93.0879                 ,56.04808
faster_rcnn_r50_fpn_2x_lr0.001_iodine_hsil                         ,             ,               ,               ,             ,               ,               ,             ,               ,               ,             ,               ,               ,              ,                ,                ,               ,                 ,                 ,             ,             ,             ,             ,              ,               ,          ,            ,            ,                  ,                    ,                    ,                  ,                    ,                    ,                  ,                    ,                    ,                  ,                    ,                    ,                   ,                     ,                     ,                    ,                      ,                      ,12.09108       ,26.08216         ,11.11147         ,15.11089       ,32.6026          ,13.60404         ,16.35102       ,35.29106         ,14.29769         ,17.48613       ,38.08825         ,14.81801         ,18.27951        ,39.75218          ,15.14139          ,18.55734         ,40.40947           ,15.18333           ,20.38961       ,29.14286       ,33.16883       ,38.44156       ,43.96883        ,47.21558         ,26.56994    ,49.34323      ,25.89981      ,29.48911            ,52.36664              ,31.2547               ,38.37716            ,66.94215              ,40.12021              ,42.14125            ,74.2299               ,43.87678              ,46.85199            ,82.49437              ,47.63336              ,51.3148              ,90.38317               ,50.63862               ,53.46356              ,93.0879                 ,52.21638
reppoints_moment_r50_fpn_2x_iodine_hsil                            ,             ,               ,               ,             ,               ,               ,             ,               ,               ,             ,               ,               ,              ,                ,                ,               ,                 ,                 ,             ,             ,             ,             ,              ,               ,          ,            ,            ,                  ,                    ,                    ,                  ,                    ,                    ,                  ,                    ,                    ,                  ,                    ,                    ,                   ,                     ,                     ,                    ,                      ,                      ,12.99578       ,26.60098         ,12.23179         ,15.97551       ,33.09021         ,14.40912         ,17.33448       ,35.94014         ,15.34735         ,18.42363       ,38.3526          ,16.12134         ,19.25632        ,40.30016          ,16.58536          ,19.62708         ,41.07309           ,16.77061           ,21.23636       ,29.44935       ,34.31169       ,39.10649       ,45.31429        ,50.75325         ,27.41596    ,49.67718      ,26.53803      ,30.71375            ,53.34335              ,31.48009              ,39.40646            ,68.67017              ,40.19534              ,44.22239            ,75.95793              ,45.07889              ,48.20436            ,82.11871              ,49.21112              ,53.41097             ,90.60856               ,54.24493               ,57.07739              ,97.44553                ,58.30203
retinanet_r50_fpn_2x_iodine_hsil                                   ,             ,               ,               ,             ,               ,               ,             ,               ,               ,             ,               ,               ,              ,                ,                ,               ,                 ,                 ,             ,             ,             ,             ,              ,               ,          ,            ,            ,                  ,                    ,                    ,                  ,                    ,                    ,                  ,                    ,                    ,                  ,                    ,                    ,                   ,                     ,                     ,                    ,                      ,                      ,12.99579       ,25.52253         ,12.25137         ,16.0202        ,32.45816         ,14.42741         ,17.3931        ,35.7547          ,15.33902         ,18.5582        ,38.34573         ,16.00614         ,19.24618        ,40.01165          ,16.33177          ,19.60418         ,40.77042           ,16.49188           ,20.87273       ,28.92987       ,33.7039        ,39.33506       ,44.69091        ,53.28831         ,27.19258    ,48.95733      ,26.08534      ,30.18783            ,51.61533              ,30.80391              ,38.5725             ,66.64162              ,38.54245              ,43.10293            ,74.53043              ,43.426                ,48.70023            ,82.5695               ,49.06086              ,52.98272             ,90.38317               ,53.86927               ,58.62509              ,98.12171                ,58.97821
